id,name,email,phone,website,street,city,zipcode
1,Leanne Graham,Sincere@april.biz,1-770-736-8031 x56442,hildegard.org,Kulas Light,Gwenborough,92998-3874
2,Ervin Howell,Shanna@melissa.tv,010-692-6593 x09125,anastasia.net,Victor Plains,Wisokyburgh,90566-7771
3,Clementine Bauch,Nathan@yesenia.net,1-463-123-4447,ramiro.info,Douglas Extension,McKenziehaven,59590-4157
4,Patricia Lebsack,Julianne.OConner@kory.org,493-170-9623 x156,kale.biz,Hoeger Mall,South Elvis,53919-4257
5,Chelsey Dietrich,Lucio_Hettinger@annie.ca,(254)954-1289,demarco.info,Skiles Walks,Roscoeview,33263
6,Mrs. Dennis Schulist,Karley_Dach@jasper.info,1-477-935-8478 x6430,ola.org,Norberto Crossing,South Christy,23505-1337
7,Kurtis Weissnat,Telly.Hoeger@billy.biz,210.067.6132,elvis.io,Rex Trail,Howemouth,58804-1099
8,Nicholas Runolfsdottir V,Sherwood@rosamond.me,586.493.6943 x140,jacynthe.com,Ellsworth Summit,Aliyaview,45169
9,Glenna Reichert,Chaim_McDermott@dana.io,(775)976-6794 x41206,conrad.com,Dayna Park,Bartholomebury,76495-3109
10,Clementina DuBuque,Rey.Padberg@karina.biz,024-648-3804,ambrose.net,Kattie Turnpike,Lebsackbury,31428-2261
